player,squad,mp,starts,min,gls,ast,pk,pkatt,crdy,crdr,gls_per_90,ast_per_90,g_plus_a_per_90,g_minus_pk_per_90,year,league,transfer fee
Neymar,Paris S-G,20,20,1797,19,13,4,4,5,2,0.95,0.65,1.6,0.75,2017,French,222000000
Neymar,Paris S-G,17,16,1439,15,7,5,5,2,0,0.94,0.44,1.38,0.63,2018,French,222000000
Neymar,Paris S-G,15,15,1318,13,6,4,5,4,1,0.89,0.41,1.3,0.61,2019,French,222000000
Neymar,Paris S-G,4,4,359,2,3,0,0,1,1,0.5,0.75,1.25,0.5,2020,French,222000000
Kylian Mbappé,Paris S-G,27,24,2095,13,9,0,0,2,0,0.56,0.39,0.95,0.56,2017,French,135000000
Kylian Mbappé,Paris S-G,29,24,2343,33,7,1,2,5,1,1.27,0.27,1.54,1.23,2018,French,135000000
Kylian Mbappé,Paris S-G,20,17,1513,18,5,0,0,0,0,1.07,0.3,1.37,1.07,2019,French,135000000
Kylian Mbappé,Paris S-G,6,5,432,7,4,2,2,0,0,1.46,0.83,2.29,1.04,2020,French,135000000
Edinson Cavani,Paris S-G,30,25,2299,16,2,2,2,2,0,0.63,0.08,0.7,0.55,2013,French,64500000
Edinson Cavani,Paris S-G,35,30,2628,18,1,3,3,3,1,0.62,0.03,0.65,0.51,2014,French,64500000
Edinson Cavani,Paris S-G,32,24,2309,19,5,0,1,3,0,0.74,0.19,0.94,0.74,2015,French,64500000
Edinson Cavani,Paris S-G,36,35,2965,35,4,7,8,5,0,1.06,0.12,1.18,0.85,2016,French,64500000
Edinson Cavani,Paris S-G,32,30,2581,28,5,3,5,3,0,0.98,0.17,1.15,0.87,2017,French,64500000
Edinson Cavani,Paris S-G,21,20,1671,18,5,4,5,1,0,0.97,0.27,1.24,0.75,2018,French,64500000
Edinson Cavani,Paris S-G,14,7,605,4,1,1,1,2,0,0.6,0.15,0.74,0.45,2019,French,64500000
Ángel Di María,Paris S-G,29,26,2122,10,18,0,0,0,0,0.42,0.76,1.19,0.42,2015,French,63000000
Ángel Di María,Paris S-G,29,24,2036,6,7,0,0,1,1,0.27,0.31,0.57,0.27,2016,French,63000000
Ángel Di María,Paris S-G,30,26,2108,11,7,0,0,1,0,0.47,0.3,0.77,0.47,2017,French,63000000
Ángel Di María,Paris S-G,30,28,2324,12,11,0,0,2,0,0.46,0.43,0.89,0.46,2018,French,63000000
Ángel Di María,Paris S-G,26,23,2000,8,14,1,2,2,0,0.36,0.63,0.99,0.32,2019,French,63000000
Ángel Di María,Paris S-G,4,4,335,1,1,0,0,1,0,0.27,0.27,0.54,0.27,2020,French,63000000
David Luiz,Paris S-G,28,26,2290,2,0,0,0,5,0,0.08,0,0.08,0.08,2014,French,49500000
David Luiz,Paris S-G,25,23,2089,1,2,0,0,4,0,0.04,0.09,0.13,0.04,2015,French,49500000
David Luiz,Paris S-G,3,3,241,0,0,0,0,1,0,0,0,0,0,2016,French,49500000
Javier Pastore,Paris S-G,33,30,2635,13,6,0,0,4,0,0.44,0.2,0.65,0.44,2011,French,42000000
Javier Pastore,Paris S-G,34,30,2474,4,8,0,0,2,0,0.15,0.29,0.44,0.15,2012,French,42000000
Javier Pastore,Paris S-G,29,18,1577,1,3,0,0,2,0,0.06,0.17,0.23,0.06,2013,French,42000000
Thiago Silva,Paris S-G,28,28,2382,3,0,0,0,1,0,0.11,0,0.11,0.11,2013,French,42000000
Javier Pastore,Paris S-G,34,31,2746,5,12,0,0,4,0,0.16,0.39,0.56,0.16,2014,French,42000000
Thiago Silva,Paris S-G,26,26,2308,1,0,0,0,1,0,0.04,0,0.04,0.04,2014,French,42000000
Javier Pastore,Paris S-G,16,11,874,2,6,0,0,1,0,0.21,0.62,0.82,0.21,2015,French,42000000
Javier Pastore,Paris S-G,15,9,864,0,4,0,0,0,0,0,0.42,0.42,0,2016,French,42000000
Javier Pastore,Paris S-G,25,14,1346,4,4,0,0,2,0,0.27,0.27,0.53,0.27,2017,French,42000000
Thiago Silva,Paris S-G,25,24,2115,1,1,0,0,5,0,0.04,0.04,0.09,0.04,2017,French,42000000
Thiago Silva,Paris S-G,25,24,2077,0,1,0,0,4,0,0,0.04,0.04,0,2018,French,42000000
Thiago Silva,Paris S-G,21,20,1571,0,0,0,0,1,0,0,0,0,0,2019,French,42000000
Lucas Moura,Paris S-G,10,9,730,0,3,0,0,1,0,0,0.37,0.37,0,2012,French,40000000
Lucas Moura,Paris S-G,36,18,1937,5,11,0,0,2,0,0.23,0.51,0.74,0.23,2013,French,40000000
Lucas Moura,Paris S-G,29,22,1891,7,5,2,2,2,0,0.33,0.24,0.57,0.24,2014,French,40000000
Lucas Moura,Paris S-G,36,26,2323,9,4,1,1,3,0,0.35,0.15,0.5,0.31,2015,French,40000000
Julian Draxler,Paris S-G,17,12,1012,4,1,0,0,2,0,0.36,0.09,0.44,0.36,2016,French,40000000
Lucas Moura,Paris S-G,37,29,2421,12,6,1,1,0,0,0.45,0.22,0.67,0.41,2016,French,40000000
Julian Draxler,Paris S-G,30,19,1702,4,5,0,0,1,0,0.21,0.26,0.48,0.21,2017,French,40000000
Lucas Moura,Paris S-G,5,0,76,1,1,0,0,1,0,1.18,1.18,2.37,1.18,2017,French,40000000
Julian Draxler,Paris S-G,31,22,2046,3,7,0,0,6,0,0.13,0.31,0.44,0.13,2018,French,40000000
Julian Draxler,Paris S-G,11,7,686,0,4,0,0,5,0,0,0.52,0.52,0,2019,French,40000000
Julian Draxler,Paris S-G,6,5,398,2,0,0,0,2,0,0.45,0,0.45,0.45,2020,French,40000000
Marquinhos,Paris S-G,21,17,1654,2,0,0,0,3,0,0.11,0,0.11,0.11,2013,French,31400000
Marquinhos,Paris S-G,25,21,1875,2,0,0,0,2,0,0.1,0,0.1,0.1,2014,French,31400000
Marquinhos,Paris S-G,29,20,1925,1,0,0,0,1,0,0.05,0,0.05,0.05,2015,French,31400000
Marquinhos,Paris S-G,29,27,2501,3,0,0,0,1,0,0.11,0,0.11,0.11,2016,French,31400000
Marquinhos,Paris S-G,26,25,2262,0,1,0,0,1,0,0,0.04,0.04,0,2017,French,31400000
Marquinhos,Paris S-G,30,30,2693,3,2,0,0,2,1,0.1,0.07,0.17,0.1,2018,French,31400000
Marquinhos,Paris S-G,19,15,1476,3,1,0,0,1,0,0.18,0.06,0.24,0.18,2019,French,31400000
Marquinhos,Paris S-G,6,5,457,1,0,0,0,1,0,0.2,0,0.2,0.2,2020,French,31400000
Gonçalo Guedes,Paris S-G,7,1,143,0,1,0,0,0,0,0,0.63,0.63,0,2016,French,30000000
Gonçalo Guedes,Paris S-G,1,0,5,0,0,0,0,0,0,0,0,0,0,2017,French,30000000
Ezequiel Lavezzi,Paris S-G,28,25,2096,3,3,0,0,3,1,0.13,0.13,0.26,0.13,2012,French,28950000
Ezequiel Lavezzi,Paris S-G,32,24,1874,9,0,0,0,2,0,0.43,0,0.43,0.43,2013,French,28950000
Ezequiel Lavezzi,Paris S-G,31,19,1654,8,2,0,0,2,0,0.44,0.11,0.54,0.44,2014,French,28950000
Ezequiel Lavezzi,Paris S-G,16,3,437,2,0,0,0,0,0,0.41,0,0.41,0.41,2015,French,28950000
Grzegorz Krychowiak,Paris S-G,11,7,659,0,0,0,0,2,0,0,0,0,0,2016,French,27500000
Yohan Cabaye,Paris S-G,15,9,822,0,2,0,0,2,0,0,0.22,0.22,0,2013,French,25000000
Yohan Cabaye,Paris S-G,24,13,965,1,1,0,0,7,1,0.09,0.09,0.19,0.09,2014,French,25000000
Layvin Kurzawa,Paris S-G,16,14,1289,3,3,0,0,1,0,0.21,0.21,0.42,0.21,2015,French,25000000
Jesé,Paris S-G,9,1,268,1,0,1,1,0,0,0.34,0,0.34,0,2016,French,25000000
Layvin Kurzawa,Paris S-G,18,18,1527,2,2,0,0,3,0,0.12,0.12,0.24,0.12,2016,French,25000000
Layvin Kurzawa,Paris S-G,20,19,1705,2,2,0,0,1,0,0.11,0.11,0.21,0.11,2017,French,25000000
Layvin Kurzawa,Paris S-G,19,11,1010,1,2,0,0,4,0,0.09,0.18,0.27,0.09,2018,French,25000000
Jesé,Paris S-G,1,0,1,0,0,0,0,0,0,0,0,0,0,2019,French,25000000
Layvin Kurzawa,Paris S-G,14,9,858,1,0,0,0,4,0,0.1,0,0.1,0.1,2019,French,25000000
Jesé,Paris S-G,2,0,24,0,0,0,0,0,0,0,0,0,0,2020,French,25000000
Layvin Kurzawa,Paris S-G,3,1,113,0,0,0,0,0,1,0,0,0,0,2020,French,25000000
Zlatan Ibrahimovic,Paris S-G,34,33,2975,30,7,4,4,9,1,0.91,0.21,1.12,0.79,2012,French,21000000
Zlatan Ibrahimovic,Paris S-G,33,32,2766,26,11,7,8,7,0,0.85,0.36,1.2,0.62,2013,French,21000000
Zlatan Ibrahimovic,Paris S-G,24,23,2002,19,6,8,9,3,0,0.85,0.27,1.12,0.49,2014,French,21000000
Zlatan Ibrahimovic,Paris S-G,31,29,2549,38,13,5,6,1,0,1.34,0.46,1.8,1.17,2015,French,21000000
Yuri Berchiche,Paris S-G,22,19,1715,2,3,0,0,4,0,0.1,0.16,0.26,0.1,2017,French,16000000
Lucas Digne,Paris S-G,15,15,1335,0,1,0,0,3,0,0,0.07,0.07,0,2013,French,15000000
Lucas Digne,Paris S-G,15,14,1271,0,1,0,0,1,0,0,0.07,0.07,0,2014,French,15000000
Marco Verratti,Paris S-G,5,4,354,0,0,0,0,1,0,0,0,0,0,2020,French,12000000
Thiago Motta,Paris S-G,14,14,1260,2,1,0,0,6,0,0.14,0.07,0.21,0.14,2011,French,11500000
Thiago Motta,Paris S-G,12,11,894,1,1,0,0,4,1,0.1,0.1,0.2,0.1,2012,French,11500000
Thiago Motta,Paris S-G,32,31,2536,3,2,0,0,7,1,0.11,0.07,0.18,0.11,2013,French,11500000
Thiago Motta,Paris S-G,27,25,2050,0,2,0,0,9,0,0,0.09,0.09,0,2014,French,11500000
Thiago Motta,Paris S-G,32,26,2343,1,1,0,0,6,0,0.04,0.04,0.08,0.04,2015,French,11500000
Thiago Motta,Paris S-G,30,25,2228,0,1,0,0,7,1,0,0.04,0.04,0,2016,French,11500000
Thiago Motta,Paris S-G,19,14,1155,1,1,0,0,3,1,0.08,0.08,0.16,0.08,2017,French,11500000
Kévin Gameiro,Paris S-G,34,27,2272,11,2,1,1,0,0,0.44,0.08,0.51,0.4,2011,French,11000000
Kévin Gameiro,Paris S-G,25,7,878,8,1,0,0,1,0,0.82,0.1,0.92,0.82,2012,French,11000000
Serge Aurier,Paris S-G,14,12,1136,0,5,0,0,2,0,0,0.4,0.4,0,2014,French,10000000
Serge Aurier,Paris S-G,21,21,1886,2,2,0,0,8,0,0.1,0.1,0.19,0.1,2015,French,10000000
Giovani Lo Celso,Paris S-G,4,1,82,0,0,0,0,1,0,0,0,0,0,2016,French,10000000
Serge Aurier,Paris S-G,22,21,1829,0,3,0,0,4,2,0,0.15,0.15,0,2016,French,10000000
Giovani Lo Celso,Paris S-G,33,18,1776,4,2,0,0,2,0,0.2,0.1,0.3,0.2,2017,French,10000000
Giovani Lo Celso,Paris S-G,1,0,11,0,0,0,0,0,0,0,0,0,0,2018,French,10000000
Blaise Matuidi,Paris S-G,29,25,2159,1,0,0,0,6,0,0.04,0,0.04,0.04,2011,French,8000000
Jérémy Ménez,Paris S-G,33,33,2694,7,12,0,0,12,0,0.23,0.4,0.63,0.23,2011,French,8000000
Mohamed Sissoko,Paris S-G,25,22,1811,2,1,0,0,8,2,0.1,0.05,0.15,0.1,2011,French,8000000
Blaise Matuidi,Paris S-G,37,35,3132,5,0,0,0,4,1,0.14,0,0.14,0.14,2012,French,8000000
Jérémy Ménez,Paris S-G,30,24,2042,5,7,0,0,5,0,0.22,0.31,0.53,0.22,2012,French,8000000
Blaise Matuidi,Paris S-G,36,27,2561,5,2,0,0,4,0,0.18,0.07,0.25,0.18,2013,French,8000000
Jérémy Ménez,Paris S-G,16,7,686,2,1,0,0,2,0,0.26,0.13,0.39,0.26,2013,French,8000000
Blaise Matuidi,Paris S-G,34,25,2187,4,2,0,0,2,0,0.16,0.08,0.25,0.16,2014,French,8000000
Blaise Matuidi,Paris S-G,31,23,2060,4,6,0,0,4,0,0.17,0.26,0.44,0.17,2015,French,8000000
Blaise Matuidi,Paris S-G,34,26,2415,4,4,0,0,4,0,0.15,0.15,0.3,0.15,2016,French,8000000
Blaise Matuidi,Paris S-G,2,0,28,0,0,0,0,0,0,0,0,0,0,2017,French,8000000
Gregory van der Wiel,Paris S-G,22,17,1556,1,1,0,0,7,0,0.06,0.06,0.12,0.06,2012,French,6000000
Gregory van der Wiel,Paris S-G,25,24,2158,0,4,0,0,2,0,0,0.17,0.17,0,2013,French,6000000
Gregory van der Wiel,Paris S-G,25,22,2004,1,3,0,0,3,1,0.04,0.13,0.18,0.04,2014,French,6000000
Gregory van der Wiel,Paris S-G,17,16,1378,2,3,0,0,2,0,0.13,0.2,0.33,0.13,2015,French,6000000
Nenê,Paris S-G,35,35,3078,14,9,1,1,3,0,0.41,0.26,0.67,0.38,2010,French,5000000
Alex,Paris S-G,15,15,1287,2,1,0,0,2,0,0.14,0.07,0.21,0.14,2011,French,5000000
Nenê,Paris S-G,35,35,3022,21,11,9,9,5,0,0.63,0.33,0.95,0.36,2011,French,5000000
Alex,Paris S-G,24,22,2060,2,0,0,0,2,0,0.09,0,0.09,0.09,2012,French,5000000
Nenê,Paris S-G,9,5,506,1,4,0,0,2,0,0.18,0.71,0.89,0.18,2012,French,5000000
Alex,Paris S-G,31,30,2605,2,0,0,0,6,0,0.07,0,0.07,0.07,2013,French,5000000
Salvatore Sirigu,Paris S-G,38,38,3420,0,0,0,0,1,0,0,0,0,0,2011,French,3900000
Salvatore Sirigu,Paris S-G,37,37,3330,0,0,0,0,0,0,0,0,0,0,2013,French,3900000
Salvatore Sirigu,Paris S-G,34,34,3002,0,0,0,0,2,0,0,0,0,0,2014,French,3900000
Maxwell,Paris S-G,14,13,1123,1,0,0,0,0,0,0.08,0,0.08,0.08,2011,French,3500000
Maxwell,Paris S-G,33,33,2933,2,3,0,0,2,0,0.06,0.09,0.15,0.06,2012,French,3500000
Maxwell,Paris S-G,24,23,2090,3,2,0,0,2,0,0.13,0.09,0.22,0.13,2013,French,3500000
Maxwell,Paris S-G,26,24,2164,3,3,0,0,1,0,0.12,0.12,0.25,0.12,2014,French,3500000
Maxwell,Paris S-G,28,24,2226,3,3,0,0,0,0,0.12,0.12,0.24,0.12,2015,French,3500000
Maxwell,Paris S-G,20,19,1713,0,6,0,0,0,0,0,0.32,0.32,0,2016,French,3500000
